seed,N_Sigs,FN,FP,Composite,plus2_N_Sigs,plus2_FN,plus2_TP_increase,plus2_FP,plus2_FP_increase,plus2_Composite,msigK_FN,msigK_TP_increase,msigK_FP,msigK_FP_increase,msigK_Composite
145879,9,2,0,2.80756276780859,11,2,0,2,2,2.62689531084844,2,0,2,2,2.62689531084844
200437,10,2,1,2.70787557389136,12,2,0,3,2,2.55676520606621,2,0,2,1,2.62672627252662
310111,10,2,1,2.70518215770468,12,2,0,3,2,2.55711533256614,2,0,2,1,2.62678715843566
528401,9,2,0,2.80515829170047,11,2,0,2,2,2.62715068443798,2,0,2,2,2.62715068443798
1076753,10,2,1,2.7072168117572,12,2,0,3,2,2.55632725107562,2,0,2,1,2.62672016026536
Mean,9.6,2,0.6,2.74659912057246,11.6,2,0,2.6,2,2.58485075699888,2,0,2,1.4,2.62685591730281
P-value,"","","","","","","","","",0.00793650793650794,"","","","",0.00793650793650794
