seed,N_Sigs,FN,FP,Composite,plus2_N_Sigs,plus2_FN,plus2_TP_increase,plus2_FP,plus2_FP_increase,plus2_Composite,msigK_FN,msigK_TP_increase,msigK_FP,msigK_FP_increase,msigK_Composite
145879,18,6,1,2.65606243526706,20,6,0,3,2,2.56588083127005,5,1,3,2,2.61370479118564
200437,16,9,2,2.46250873806546,18,7,2,2,0,2.55684556434184,5,4,3,1,2.60790386588498
310111,16,9,2,2.46050294467207,18,6,3,1,-1,2.65834912067632,5,4,3,1,2.60960238227868
528401,17,7,1,2.61180515781457,19,6,1,2,1,2.61087772329169,5,2,3,2,2.61224360509704
1076753,18,5,0,2.75362425294771,20,5,0,2,2,2.65680450099542,5,0,3,3,2.61176807860527
Mean,17,7.2,1.2,2.58890070575337,19,6,1.2,2,0.8,2.60975154811506,5,2.2,3,1.8,2.61104454461032
P-value,"","","","","","","","","",0.841269841269841,"","","","",1
